<?xml version="1.0" encoding="UTF-8"?>
<sdc:form_package xmlns:mfi13="http://www.iso.org/19763/13/2013"
 xmlns:mfi10="http://www.iso.org/19763/10/2013"
 xmlns:mdr3="http://www.iso.org/11179/3/2013"
 xmlns:fhir="http://http://www.hl7.org/implement/standards/fhir/datatypes.htm"
 xmlns:sdc="http://nlm.nih.gov/sdc/form"
 xmlns:mfi6="http://www.iso.org/19763/6/2013"
 xmlns:dex="urn:ihe:qrph:dex:2013"
 xmlns:wsa="http://www.w3.org/2005/08/addressing"
 xmlns:xsi="http://www.w3.org/2001/XMLSchema-instance"
 xsi:schemaLocation="http://nlm.nih.gov/sdc/form file:/Denise%20Work/ISO/19763-13/SDCFormXML10012013/SDCForm.xsd" identifier="identifier0">
    <sdc:mapping_package mapping_package_uri="mapping_package_uri0" form_uri="form_uri0">
        <sdc:mdr_mapping identifier="identifier1">
            <sdc:question_element_data_element_association>
                <mfi13:question_element_identifier>http://www.oxygenxml.com/</mfi13:question_element_identifier>
                <mfi13:association_type>implements</mfi13:association_type>
                <mfi13:data_element_identifier>http://www.oxygenxml.com/</mfi13:data_element_identifier>
                <sdc:contact>
                    <sdc:individual>
                        <mdr3:name>name0</mdr3:name>
                    </sdc:individual>
                    <sdc:organization>
                        <sdc:name>name0</sdc:name>
                    </sdc:organization>
                    <sdc:role>
                    </sdc:role>
                </sdc:contact>
            </sdc:question_element_data_element_association>
        </sdc:mdr_mapping>
        <sdc:dex_mapping>
            <sdc:question_element_dex_association identifier="identifier2">
                <sdc:question_element_identifier>http://www.oxygenxml.com/</sdc:question_element_identifier>
                <sdc:association_type>implements</sdc:association_type>
                <sdc:dex_mapping_specification>
                    <dex:contentModel>
                        <dex:id>id0</dex:id>
                        <dex:name>name0</dex:name>
                    </dex:contentModel>
                    <dex:type>type0</dex:type>
                    <dex:mappingScript>mappingScript0</dex:mappingScript>
                </sdc:dex_mapping_specification>
                <sdc:contact>
                    <sdc:individual>
                        <mdr3:name>name1</mdr3:name>
                    </sdc:individual>
                    <sdc:organization>
                        <sdc:name>name1</sdc:name>
                    </sdc:organization>
                    <sdc:role>
                    </sdc:role>
                </sdc:contact>
            </sdc:question_element_dex_association>
        </sdc:dex_mapping>
    </sdc:mapping_package>
    <sdc:administrative_package>
        <sdc:submission_rule rule_id_and_version="rule_id_and_version0" form_identifier="form_identifier0">
            <sdc:destination>
                <sdc:endpoint>http://www.oxygenxml.com/</sdc:endpoint>
                <sdc:description>description0</sdc:description>
                <sdc:organization>
                    <sdc:name>name2</sdc:name>
                    <sdc:email_address>email_address0</sdc:email_address>
                    <sdc:phone_number>phone_number0</sdc:phone_number>
                    <sdc:uri>uri0</sdc:uri>
                    <sdc:fhir_mail_address>
                    </sdc:fhir_mail_address>
                </sdc:organization>
            </sdc:destination>
        </sdc:submission_rule>
        <sdc:compliance_rule>
            <mfi13:expression>expression0</mfi13:expression>
        </sdc:compliance_rule>
        <sdc:originating_registry_summary>
            <mfi6:registry_organization>
                <mdr3:name>name2</mdr3:name>
                <mdr3:mail_address>mail_address0</mdr3:mail_address>
                <mdr3:email_address>email_address0</mdr3:email_address>
                <mdr3:phone_number>phone_number0</mdr3:phone_number>
                <mdr3:uri>uri0</mdr3:uri>
            </mfi6:registry_organization>
            <mfi6:reference_standard_identifier>reference_standard_identifier0</mfi6:reference_standard_identifier>
            <mfi6:SLA_for_registry>
                <mdr3:identifier>identifier0</mdr3:identifier>
                <mdr3:document_type>
                    <mdr3:identifier>identifier1</mdr3:identifier>
                    <mdr3:description>description0</mdr3:description>
                    <mdr3:scheme_reference>scheme_reference0</mdr3:scheme_reference>
                </mdr3:document_type>
                <mdr3:language>
                    <mdr3:langauge_itentiier>langauge_itentiier0</mdr3:langauge_itentiier>
                    <mdr3:script_identifier>script_identifier0</mdr3:script_identifier>
                    <mdr3:geopolitical_territory_identifier>geopolitical_territory_identifier0</mdr3:geopolitical_territory_identifier>
                    <mdr3:variant_identifier>variant_identifier0</mdr3:variant_identifier>
                    <mdr3:extension_identifer>extension_identifer0</mdr3:extension_identifer>
                    <mdr3:private_use_qualifier>private_use_qualifier0</mdr3:private_use_qualifier>
                </mdr3:language>
                <mdr3:notation>notation0</mdr3:notation>
                <mdr3:title>title0</mdr3:title>
                <mdr3:provider>
                    <mdr3:name>name3</mdr3:name>
                    <mdr3:mail_address>mail_address1</mdr3:mail_address>
                    <mdr3:email_address>email_address1</mdr3:email_address>
                    <mdr3:phone_number>phone_number1</mdr3:phone_number>
                    <mdr3:uri>uri1</mdr3:uri>
                </mdr3:provider>
                <mdr3:uri>uri2</mdr3:uri>
            </mfi6:SLA_for_registry>
            <mfi6:purpose_for_registry>
                <mdr3:identifier>identifier2</mdr3:identifier>
                <mdr3:document_type>
                    <mdr3:identifier>identifier3</mdr3:identifier>
                    <mdr3:description>description1</mdr3:description>
                    <mdr3:scheme_reference>scheme_reference1</mdr3:scheme_reference>
                </mdr3:document_type>
                <mdr3:language>
                    <mdr3:langauge_itentiier>langauge_itentiier1</mdr3:langauge_itentiier>
                    <mdr3:script_identifier>script_identifier1</mdr3:script_identifier>
                    <mdr3:geopolitical_territory_identifier>geopolitical_territory_identifier1</mdr3:geopolitical_territory_identifier>
                    <mdr3:variant_identifier>variant_identifier1</mdr3:variant_identifier>
                    <mdr3:extension_identifer>extension_identifer1</mdr3:extension_identifer>
                    <mdr3:private_use_qualifier>private_use_qualifier1</mdr3:private_use_qualifier>
                </mdr3:language>
                <mdr3:notation>notation1</mdr3:notation>
                <mdr3:title>title1</mdr3:title>
                <mdr3:provider>
                    <mdr3:name>name4</mdr3:name>
                    <mdr3:mail_address>mail_address2</mdr3:mail_address>
                    <mdr3:email_address>email_address2</mdr3:email_address>
                    <mdr3:phone_number>phone_number2</mdr3:phone_number>
                    <mdr3:uri>uri3</mdr3:uri>
                </mdr3:provider>
                <mdr3:uri>uri4</mdr3:uri>
            </mfi6:purpose_for_registry>
            <mfi6:manual_for_registry>
                <mdr3:identifier>identifier4</mdr3:identifier>
                <mdr3:document_type>
                    <mdr3:identifier>identifier5</mdr3:identifier>
                    <mdr3:description>description2</mdr3:description>
                    <mdr3:scheme_reference>scheme_reference2</mdr3:scheme_reference>
                </mdr3:document_type>
                <mdr3:language>
                    <mdr3:langauge_itentiier>langauge_itentiier2</mdr3:langauge_itentiier>
                    <mdr3:script_identifier>script_identifier2</mdr3:script_identifier>
                    <mdr3:geopolitical_territory_identifier>geopolitical_territory_identifier2</mdr3:geopolitical_territory_identifier>
                    <mdr3:variant_identifier>variant_identifier2</mdr3:variant_identifier>
                    <mdr3:extension_identifer>extension_identifer2</mdr3:extension_identifer>
                    <mdr3:private_use_qualifier>private_use_qualifier2</mdr3:private_use_qualifier>
                </mdr3:language>
                <mdr3:notation>notation2</mdr3:notation>
                <mdr3:title>title2</mdr3:title>
                <mdr3:provider>
                    <mdr3:name>name5</mdr3:name>
                    <mdr3:mail_address>mail_address3</mdr3:mail_address>
                    <mdr3:email_address>email_address3</mdr3:email_address>
                    <mdr3:phone_number>phone_number3</mdr3:phone_number>
                    <mdr3:uri>uri5</mdr3:uri>
                </mdr3:provider>
                <mdr3:uri>uri6</mdr3:uri>
            </mfi6:manual_for_registry>
            <mfi6:specification_for_interface>
                <mfi6:identifer>identifer0</mfi6:identifer>
                <mfi6:name>name0</mfi6:name>
                <mfi6:description>description0</mfi6:description>
                <mfi6:URL>URL0</mfi6:URL>
                <mfi6:version>version0</mfi6:version>
            </mfi6:specification_for_interface>
        </sdc:originating_registry_summary>
        <sdc:form_language identifier="http://www.oxygenxml.com/">
            <mfi10:designation>
                <mdr3:designation acceptability="preferred">
                    <mdr3:designation_context>designation_context0</mdr3:designation_context>
                    <mdr3:sign>sign0</mdr3:sign>
                    <mdr3:language>language0</mdr3:language>
                    <mdr3:namespace>http://www.oxygenxml.com/</mdr3:namespace>
                    <mdr3:convention>http://www.oxygenxml.com/</mdr3:convention>
                </mdr3:designation>
                <mdr3:definition acceptability="preferred">
                    <mdr3:text>text0</mdr3:text>
                    <mdr3:language>language1</mdr3:language>
                    <mdr3:source>http://www.oxygenxml.com/</mdr3:source>
                </mdr3:definition>
                <mdr3:classifier type="type0" identifier="http://www.oxygenxml.com/">
                    <mdr3:designation acceptability="preferred">
                        <mdr3:designation_context>designation_context1</mdr3:designation_context>
                        <mdr3:sign>sign1</mdr3:sign>
                    </mdr3:designation>
                    <mdr3:definition acceptability="preferred">
                        <mdr3:text>text1</mdr3:text>
                    </mdr3:definition>
                </mdr3:classifier>
            </mfi10:designation>
            <mfi13:style_language>
                <mdr3:identifier>identifier6</mdr3:identifier>
                <mdr3:document_type>
                    <mdr3:identifier>identifier7</mdr3:identifier>
                    <mdr3:description>description3</mdr3:description>
                    <mdr3:scheme_reference>scheme_reference3</mdr3:scheme_reference>
                </mdr3:document_type>
                <mdr3:language>
                    <mdr3:langauge_itentiier>langauge_itentiier3</mdr3:langauge_itentiier>
                    <mdr3:script_identifier>script_identifier3</mdr3:script_identifier>
                    <mdr3:geopolitical_territory_identifier>geopolitical_territory_identifier3</mdr3:geopolitical_territory_identifier>
                    <mdr3:variant_identifier>variant_identifier3</mdr3:variant_identifier>
                    <mdr3:extension_identifer>extension_identifer3</mdr3:extension_identifer>
                    <mdr3:private_use_qualifier>private_use_qualifier3</mdr3:private_use_qualifier>
                </mdr3:language>
                <mdr3:notation>notation3</mdr3:notation>
                <mdr3:title>title3</mdr3:title>
                <mdr3:provider>
                    <mdr3:name>name6</mdr3:name>
                    <mdr3:mail_address>mail_address4</mdr3:mail_address>
                    <mdr3:email_address>email_address4</mdr3:email_address>
                    <mdr3:phone_number>phone_number4</mdr3:phone_number>
                    <mdr3:uri>uri7</mdr3:uri>
                </mdr3:provider>
                <mdr3:uri>uri8</mdr3:uri>
            </mfi13:style_language>
            <mfi13:logic_language>
                <mdr3:identifier>identifier8</mdr3:identifier>
                <mdr3:document_type>
                    <mdr3:identifier>identifier9</mdr3:identifier>
                    <mdr3:description>description4</mdr3:description>
                    <mdr3:scheme_reference>scheme_reference4</mdr3:scheme_reference>
                </mdr3:document_type>
                <mdr3:language>
                    <mdr3:langauge_itentiier>langauge_itentiier4</mdr3:langauge_itentiier>
                    <mdr3:script_identifier>script_identifier4</mdr3:script_identifier>
                    <mdr3:geopolitical_territory_identifier>geopolitical_territory_identifier4</mdr3:geopolitical_territory_identifier>
                    <mdr3:variant_identifier>variant_identifier4</mdr3:variant_identifier>
                    <mdr3:extension_identifer>extension_identifer4</mdr3:extension_identifer>
                    <mdr3:private_use_qualifier>private_use_qualifier4</mdr3:private_use_qualifier>
                </mdr3:language>
                <mdr3:notation>notation4</mdr3:notation>
                <mdr3:title>title4</mdr3:title>
                <mdr3:provider>
                    <mdr3:name>name7</mdr3:name>
                    <mdr3:mail_address>mail_address5</mdr3:mail_address>
                    <mdr3:email_address>email_address5</mdr3:email_address>
                    <mdr3:phone_number>phone_number5</mdr3:phone_number>
                    <mdr3:uri>uri9</mdr3:uri>
                </mdr3:provider>
                <mdr3:uri>uri10</mdr3:uri>
            </mfi13:logic_language>
            <mfi13:format_language>
                <mdr3:identifier>identifier10</mdr3:identifier>
                <mdr3:document_type>
                    <mdr3:identifier>identifier11</mdr3:identifier>
                    <mdr3:description>description5</mdr3:description>
                    <mdr3:scheme_reference>scheme_reference5</mdr3:scheme_reference>
                </mdr3:document_type>
                <mdr3:language>
                    <mdr3:langauge_itentiier>langauge_itentiier5</mdr3:langauge_itentiier>
                    <mdr3:script_identifier>script_identifier5</mdr3:script_identifier>
                    <mdr3:geopolitical_territory_identifier>geopolitical_territory_identifier5</mdr3:geopolitical_territory_identifier>
                    <mdr3:variant_identifier>variant_identifier5</mdr3:variant_identifier>
                    <mdr3:extension_identifer>extension_identifer5</mdr3:extension_identifer>
                    <mdr3:private_use_qualifier>private_use_qualifier5</mdr3:private_use_qualifier>
                </mdr3:language>
                <mdr3:notation>notation5</mdr3:notation>
                <mdr3:title>title5</mdr3:title>
                <mdr3:provider>
                    <mdr3:name>name8</mdr3:name>
                    <mdr3:mail_address>mail_address6</mdr3:mail_address>
                    <mdr3:email_address>email_address6</mdr3:email_address>
                    <mdr3:phone_number>phone_number6</mdr3:phone_number>
                    <mdr3:uri>uri11</mdr3:uri>
                </mdr3:provider>
                <mdr3:uri>uri12</mdr3:uri>
            </mfi13:format_language>
            <mfi13:textual_language>textual_language0</mfi13:textual_language>
        </sdc:form_language>
        <sdc:contacts>
            <sdc:contact>
                <sdc:individual>
                    <mdr3:name>name9</mdr3:name>
                    <mdr3:title>title6</mdr3:title>
                    <mdr3:mail_address>mail_address7</mdr3:mail_address>
                    <mdr3:email_address>email_address7</mdr3:email_address>
                    <mdr3:phone_number>phone_number7</mdr3:phone_number>
                    <sdc:fhir_mail_address>
                    </sdc:fhir_mail_address>
                </sdc:individual>
                <sdc:organization>
                    <sdc:name>name3</sdc:name>
                    <sdc:email_address>email_address1</sdc:email_address>
                    <sdc:phone_number>phone_number1</sdc:phone_number>
                    <sdc:uri>uri1</sdc:uri>
                    <sdc:fhir_mail_address>
                    </sdc:fhir_mail_address>
                </sdc:organization>
                <sdc:role>
                    <mdr3:title>title7</mdr3:title>
                    <mdr3:mail_addresses>mail_addresses0</mdr3:mail_addresses>
                    <mdr3:email_addresses>email_addresses0</mdr3:email_addresses>
                    <mdr3:phone_numbers>phone_numbers0</mdr3:phone_numbers>
                </sdc:role>
            </sdc:contact>
        </sdc:contacts>
        <sdc:registration>
            <sdc:state>
                <mdr3:registration_status>
                </mdr3:registration_status>
                <mdr3:effective_date>
                </mdr3:effective_date>
                <mdr3:until_date>
                </mdr3:until_date>
                <mdr3:administrative_note>
                </mdr3:administrative_note>
                <mdr3:administrative_status>
                </mdr3:administrative_status>
                <mdr3:previous_state>
                </mdr3:previous_state>
            </sdc:state>
            <sdc:submission_record>
                <sdc:organization>
                    <sdc:name>name4</sdc:name>
                    <sdc:email_address>email_address2</sdc:email_address>
                    <sdc:phone_number>phone_number2</sdc:phone_number>
                    <sdc:uri>uri2</sdc:uri>
                    <sdc:fhir_mail_address>
                    </sdc:fhir_mail_address>
                </sdc:organization>
                <sdc:contact>
                    <sdc:individual>
                        <mdr3:name>name10</mdr3:name>
                    </sdc:individual>
                    <sdc:organization>
                        <sdc:name>name5</sdc:name>
                    </sdc:organization>
                    <sdc:role>
                    </sdc:role>
                </sdc:contact>
            </sdc:submission_record>
            <sdc:document_reference>
                <mdr3:identifier>identifier12</mdr3:identifier>
                <mdr3:document_type>
                    <mdr3:identifier>identifier13</mdr3:identifier>
                    <mdr3:description>description6</mdr3:description>
                    <mdr3:scheme_reference>scheme_reference6</mdr3:scheme_reference>
                </mdr3:document_type>
                <mdr3:language>
                    <mdr3:langauge_itentiier>langauge_itentiier6</mdr3:langauge_itentiier>
                    <mdr3:script_identifier>script_identifier6</mdr3:script_identifier>
                    <mdr3:geopolitical_territory_identifier>geopolitical_territory_identifier6</mdr3:geopolitical_territory_identifier>
                    <mdr3:variant_identifier>variant_identifier6</mdr3:variant_identifier>
                    <mdr3:extension_identifer>extension_identifer6</mdr3:extension_identifer>
                    <mdr3:private_use_qualifier>private_use_qualifier6</mdr3:private_use_qualifier>
                </mdr3:language>
                <mdr3:notation>notation6</mdr3:notation>
                <mdr3:title>title8</mdr3:title>
                <mdr3:provider>
                    <mdr3:name>name11</mdr3:name>
                    <mdr3:mail_address>mail_address8</mdr3:mail_address>
                    <mdr3:email_address>email_address8</mdr3:email_address>
                    <mdr3:phone_number>phone_number8</mdr3:phone_number>
                    <mdr3:uri>uri13</mdr3:uri>
                </mdr3:provider>
                <mdr3:uri>uri14</mdr3:uri>
            </sdc:document_reference>
            <sdc:organization>
                <sdc:name>name6</sdc:name>
                <sdc:email_address>email_address3</sdc:email_address>
                <sdc:phone_number>phone_number3</sdc:phone_number>
                <sdc:uri>uri3</sdc:uri>
                <sdc:fhir_mail_address>
                    <sdc:use>use0</sdc:use>
                    <sdc:text>text0</sdc:text>
                    <sdc:line>line0</sdc:line>
                    <sdc:city>city0</sdc:city>
                    <sdc:state>state0</sdc:state>
                    <sdc:zip>zip0</sdc:zip>
                    <sdc:country>country0</sdc:country>
                </sdc:fhir_mail_address>
            </sdc:organization>
            <sdc:registration_status_date>
            </sdc:registration_status_date>
            <sdc:stewardship_record>
                <sdc:organization>
                    <sdc:name>name7</sdc:name>
                    <sdc:email_address>email_address4</sdc:email_address>
                    <sdc:phone_number>phone_number4</sdc:phone_number>
                    <sdc:uri>uri4</sdc:uri>
                    <sdc:fhir_mail_address>
                    </sdc:fhir_mail_address>
                </sdc:organization>
                <sdc:contact>
                    <sdc:individual>
                        <mdr3:name>name12</mdr3:name>
                    </sdc:individual>
                    <sdc:organization>
                        <sdc:name>name8</sdc:name>
                    </sdc:organization>
                    <sdc:role>
                    </sdc:role>
                </sdc:contact>
            </sdc:stewardship_record>
            <sdc:creation_date>creation_date0</sdc:creation_date>
            <sdc:last_change_date>last_change_date0</sdc:last_change_date>
            <sdc:change_description>change_description0</sdc:change_description>
            <sdc:explanatory_comment>explanatory_comment0</sdc:explanatory_comment>
            <sdc:origin>origin0</sdc:origin>
        </sdc:registration>
    </sdc:administrative_package>
    <sdc:stylesheet>stylesheet0</sdc:stylesheet>
    <sdc:form_design uri="http://www.oxygenxml.com/">
        <sdc:designation>
            <sdc:context>context0</sdc:context>
            <sdc:sign acceptability="preferred">
            </sdc:sign>
            <sdc:language>language0</sdc:language>
            <sdc:namespace>http://www.oxygenxml.com/</sdc:namespace>
            <sdc:convention>http://www.oxygenxml.com/</sdc:convention>
            <sdc:definition acceptability="preferred">
                <mdr3:text>text2</mdr3:text>
                <mdr3:language>language2</mdr3:language>
                <mdr3:source>http://www.oxygenxml.com/</mdr3:source>
            </sdc:definition>
        </sdc:designation>
        <sdc:classifier>
            <mdr3:designation acceptability="preferred">
                <mdr3:designation_context>designation_context2</mdr3:designation_context>
                <mdr3:sign>sign2</mdr3:sign>
                <mdr3:language>language3</mdr3:language>
                <mdr3:namespace>http://www.oxygenxml.com/</mdr3:namespace>
                <mdr3:convention>http://www.oxygenxml.com/</mdr3:convention>
            </mdr3:designation>
            <mdr3:definition acceptability="preferred">
                <mdr3:text>text3</mdr3:text>
                <mdr3:language>language4</mdr3:language>
                <mdr3:source>http://www.oxygenxml.com/</mdr3:source>
            </mdr3:definition>
            <mdr3:classifier type="type1" identifier="http://www.oxygenxml.com/">
                <mdr3:designation acceptability="preferred">
                    <mdr3:designation_context>designation_context3</mdr3:designation_context>
                    <mdr3:sign>sign3</mdr3:sign>
                    <mdr3:language>language5</mdr3:language>
                    <mdr3:namespace>http://www.oxygenxml.com/</mdr3:namespace>
                    <mdr3:convention>http://www.oxygenxml.com/</mdr3:convention>
                </mdr3:designation>
                <mdr3:definition acceptability="preferred">
                    <mdr3:text>text4</mdr3:text>
                    <mdr3:language>language6</mdr3:language>
                    <mdr3:source>http://www.oxygenxml.com/</mdr3:source>
                </mdr3:definition>
            </mdr3:classifier>
        </sdc:classifier>
        <sdc:media initial_state="enabled">
            <mfi13:cardinality>
                <mfi13:minimum>0</mfi13:minimum>
                <mfi13:maximum>maximum0</mfi13:maximum>
            </mfi13:cardinality>
            <mfi13:rule>
                <mfi13:expression>expression1</mfi13:expression>
            </mfi13:rule>
            <sdc:audio type="type2">
                <sdc:uri>http://www.oxygenxml.com/</sdc:uri>
            </sdc:audio>
        </sdc:media>
        <sdc:security_and_privacy>security_and_privacy0</sdc:security_and_privacy>
        <sdc:header initial_state="enabled">
            <mfi13:cardinality>
                <mfi13:minimum>0</mfi13:minimum>
                <mfi13:maximum>maximum1</mfi13:maximum>
            </mfi13:cardinality>
            <mfi13:rule>
                <mfi13:expression>expression2</mfi13:expression>
            </mfi13:rule>
            <sdc:section_title>
                <mfi13:cardinality>
                    <mfi13:minimum>0</mfi13:minimum>
                    <mfi13:maximum>maximum2</mfi13:maximum>
                </mfi13:cardinality>
                <mfi13:rule>
                    <mfi13:expression>expression3</mfi13:expression>
                </mfi13:rule>
                <mfi13:label>label0</mfi13:label>
                <mfi13:style>style0</mfi13:style>
            </sdc:section_title>
            <sdc:section_number>
                <mfi13:cardinality>
                    <mfi13:minimum>0</mfi13:minimum>
                    <mfi13:maximum>maximum3</mfi13:maximum>
                </mfi13:cardinality>
                <mfi13:rule>
                    <mfi13:expression>expression4</mfi13:expression>
                </mfi13:rule>
                <mfi13:label>label1</mfi13:label>
                <mfi13:style>style1</mfi13:style>
            </sdc:section_number>
            <sdc:ordered>false</sdc:ordered>
            <sdc:section_instruction>
                <mfi13:cardinality>
                    <mfi13:minimum>0</mfi13:minimum>
                    <mfi13:maximum>maximum4</mfi13:maximum>
                </mfi13:cardinality>
                <mfi13:rule>
                    <mfi13:expression>expression5</mfi13:expression>
                </mfi13:rule>
                <mfi13:label>label2</mfi13:label>
                <mfi13:style>style2</mfi13:style>
            </sdc:section_instruction>
            <sdc:additional_instruction type="tooltip" initial_state="enabled">
                <mfi13:cardinality>
                    <mfi13:minimum>0</mfi13:minimum>
                    <mfi13:maximum>maximum5</mfi13:maximum>
                </mfi13:cardinality>
                <mfi13:rule>
                    <mfi13:expression>expression6</mfi13:expression>
                </mfi13:rule>
                <mfi13:label>label3</mfi13:label>
                <mfi13:style>style3</mfi13:style>
            </sdc:additional_instruction>
            <sdc:contained_section initial_state="enabled">
                <mfi13:cardinality>
                    <mfi13:minimum>0</mfi13:minimum>
                    <mfi13:maximum>maximum6</mfi13:maximum>
                </mfi13:cardinality>
                <mfi13:rule>
                    <mfi13:expression>expression7</mfi13:expression>
                </mfi13:rule>
                <sdc:section_title>
                    <mfi13:cardinality>
                        <mfi13:minimum>0</mfi13:minimum>
                        <mfi13:maximum>maximum7</mfi13:maximum>
                    </mfi13:cardinality>
                    <mfi13:rule>
                        <mfi13:expression>expression8</mfi13:expression>
                    </mfi13:rule>
                    <mfi13:label>label4</mfi13:label>
                    <mfi13:style>style4</mfi13:style>
                </sdc:section_title>
                <sdc:section_number>
                    <mfi13:cardinality>
                        <mfi13:minimum>0</mfi13:minimum>
                        <mfi13:maximum>maximum8</mfi13:maximum>
                    </mfi13:cardinality>
                    <mfi13:rule>
                        <mfi13:expression>expression9</mfi13:expression>
                    </mfi13:rule>
                    <mfi13:label>label5</mfi13:label>
                    <mfi13:style>style5</mfi13:style>
                </sdc:section_number>
                <sdc:ordered>false</sdc:ordered>
                <sdc:section_instruction>
                    <mfi13:cardinality>
                        <mfi13:minimum>0</mfi13:minimum>
                        <mfi13:maximum>maximum9</mfi13:maximum>
                    </mfi13:cardinality>
                    <mfi13:rule>
                        <mfi13:expression>expression10</mfi13:expression>
                    </mfi13:rule>
                    <mfi13:label>label6</mfi13:label>
                    <mfi13:style>style6</mfi13:style>
                </sdc:section_instruction>
                <sdc:additional_instruction type="tooltip" initial_state="enabled">
                    <mfi13:cardinality>
                        <mfi13:minimum>0</mfi13:minimum>
                        <mfi13:maximum>maximum10</mfi13:maximum>
                    </mfi13:cardinality>
                    <mfi13:rule>
                        <mfi13:expression>expression11</mfi13:expression>
                    </mfi13:rule>
                    <mfi13:label>label7</mfi13:label>
                    <mfi13:style>style7</mfi13:style>
                </sdc:additional_instruction>
                <sdc:section_order>section_order0</sdc:section_order>
                <sdc:media initial_state="enabled">
                    <mfi13:cardinality>
                        <mfi13:minimum>0</mfi13:minimum>
                        <mfi13:maximum>maximum11</mfi13:maximum>
                    </mfi13:cardinality>
                    <mfi13:rule>
                        <mfi13:expression>expression12</mfi13:expression>
                    </mfi13:rule>
                    <sdc:video type="type5">
                        <sdc:uri>http://www.oxygenxml.com/</sdc:uri>
                    </sdc:video>
                </sdc:media>
                <sdc:question initial_state="enabled">
                    <mfi13:cardinality>
                        <mfi13:minimum>0</mfi13:minimum>
                        <mfi13:maximum>maximum12</mfi13:maximum>
                    </mfi13:cardinality>
                    <mfi13:rule>
                        <mfi13:expression>expression13</mfi13:expression>
                    </mfi13:rule>
                    <sdc:question_prompt>
                    </sdc:question_prompt>
                    <sdc:question_number>
                    </sdc:question_number>
                    <sdc:question_instruction>
                    </sdc:question_instruction>
                    <sdc:additional_instruction type="tooltip" initial_state="enabled">
                    </sdc:additional_instruction>
                    <sdc:list_field>
                        <sdc:list_item>
                        </sdc:list_item>
                        <sdc:list_item>
                        </sdc:list_item>
                    </sdc:list_field>
                    <sdc:text_after_question type="tooltip" initial_state="enabled">
                    </sdc:text_after_question>
                    <sdc:question_order>question_order0</sdc:question_order>
                    <sdc:identifier>http://www.oxygenxml.com/</sdc:identifier>
                </sdc:question>
                <sdc:additional_text type="tooltip" initial_state="enabled">
                    <mfi13:cardinality>
                        <mfi13:minimum>0</mfi13:minimum>
                        <mfi13:maximum>maximum13</mfi13:maximum>
                    </mfi13:cardinality>
                    <mfi13:rule>
                        <mfi13:expression>expression14</mfi13:expression>
                    </mfi13:rule>
                    <mfi13:label>label8</mfi13:label>
                    <mfi13:style>style8</mfi13:style>
                </sdc:additional_text>
                <sdc:next_relevant_element>http://www.oxygenxml.com/</sdc:next_relevant_element>
                <sdc:identifier>http://www.oxygenxml.com/</sdc:identifier>
            </sdc:contained_section>
            <sdc:section_order>section_order1</sdc:section_order>
            <sdc:media initial_state="enabled">
                <mfi13:cardinality>
                    <mfi13:minimum>0</mfi13:minimum>
                    <mfi13:maximum>maximum14</mfi13:maximum>
                </mfi13:cardinality>
                <mfi13:rule>
                    <mfi13:expression>expression15</mfi13:expression>
                </mfi13:rule>
                <sdc:image>
                    <sdc:type>
                    </sdc:type>
                    <sdc:uri>http://www.oxygenxml.com/</sdc:uri>
                </sdc:image>
            </sdc:media>
            <sdc:question initial_state="enabled">
                <mfi13:cardinality>
                    <mfi13:minimum>0</mfi13:minimum>
                    <mfi13:maximum>maximum15</mfi13:maximum>
                </mfi13:cardinality>
                <mfi13:rule>
                    <mfi13:expression>expression16</mfi13:expression>
                </mfi13:rule>
                <sdc:question_prompt>
                    <mfi13:cardinality>
                        <mfi13:minimum>0</mfi13:minimum>
                        <mfi13:maximum>maximum16</mfi13:maximum>
                    </mfi13:cardinality>
                    <mfi13:rule>
                        <mfi13:expression>expression17</mfi13:expression>
                    </mfi13:rule>
                    <mfi13:label>label9</mfi13:label>
                    <mfi13:style>style9</mfi13:style>
                </sdc:question_prompt>
                <sdc:question_number>
                    <mfi13:cardinality>
                        <mfi13:minimum>0</mfi13:minimum>
                        <mfi13:maximum>maximum17</mfi13:maximum>
                    </mfi13:cardinality>
                    <mfi13:rule>
                        <mfi13:expression>expression18</mfi13:expression>
                    </mfi13:rule>
                    <mfi13:label>label10</mfi13:label>
                    <mfi13:style>style10</mfi13:style>
                </sdc:question_number>
                <sdc:question_instruction>
                    <mfi13:cardinality>
                        <mfi13:minimum>0</mfi13:minimum>
                        <mfi13:maximum>maximum18</mfi13:maximum>
                    </mfi13:cardinality>
                    <mfi13:rule>
                        <mfi13:expression>expression19</mfi13:expression>
                    </mfi13:rule>
                    <mfi13:label>label11</mfi13:label>
                    <mfi13:style>style11</mfi13:style>
                </sdc:question_instruction>
                <sdc:additional_instruction type="tooltip" initial_state="enabled">
                    <mfi13:cardinality>
                        <mfi13:minimum>0</mfi13:minimum>
                        <mfi13:maximum>maximum19</mfi13:maximum>
                    </mfi13:cardinality>
                    <mfi13:rule>
                        <mfi13:expression>expression20</mfi13:expression>
                    </mfi13:rule>
                    <mfi13:label>label12</mfi13:label>
                    <mfi13:style>style12</mfi13:style>
                </sdc:additional_instruction>
                <sdc:lookup_field>
                    <mfi13:multiselect>false</mfi13:multiselect>
                    <mfi13:default_value>
                    </mfi13:default_value>
                    <mfi13:default_value_read_only>false</mfi13:default_value_read_only>
                    <mfi13:maximum_character_quantity>
                    </mfi13:maximum_character_quantity>
                    <mfi13:unit_of_measure schema_name="schema_name0"/>
                    <mfi13:datatype>datatype0</mfi13:datatype>
                    <mfi13:format>format0</mfi13:format>
                    <mfi13:next_relevant_element>http://www.oxygenxml.com/</mfi13:next_relevant_element>
                    <sdc:default_element>
                        <sdc:read_only>false</sdc:read_only>
                    </sdc:default_element>
                    <sdc:datatype>
                        <sdc:duration>
                        </sdc:duration>
                    </sdc:datatype>
                    <sdc:end_point>http://www.oxygenxml.com/</sdc:end_point>
                </sdc:lookup_field>
                <sdc:text_after_question type="tooltip" initial_state="enabled">
                    <mfi13:cardinality>
                        <mfi13:minimum>0</mfi13:minimum>
                        <mfi13:maximum>maximum20</mfi13:maximum>
                    </mfi13:cardinality>
                    <mfi13:rule>
                        <mfi13:expression>expression21</mfi13:expression>
                    </mfi13:rule>
                    <mfi13:label>label13</mfi13:label>
                    <mfi13:style>style13</mfi13:style>
                </sdc:text_after_question>
                <sdc:question_order>question_order1</sdc:question_order>
                <sdc:identifier>http://www.oxygenxml.com/</sdc:identifier>
            </sdc:question>
            <sdc:additional_text type="tooltip" initial_state="enabled">
                <mfi13:cardinality>
                    <mfi13:minimum>0</mfi13:minimum>
                    <mfi13:maximum>maximum21</mfi13:maximum>
                </mfi13:cardinality>
                <mfi13:rule>
                    <mfi13:expression>expression22</mfi13:expression>
                </mfi13:rule>
                <mfi13:label>label14</mfi13:label>
                <mfi13:style>style14</mfi13:style>
            </sdc:additional_text>
            <sdc:next_relevant_element>http://www.oxygenxml.com/</sdc:next_relevant_element>
            <sdc:identifier>http://www.oxygenxml.com/</sdc:identifier>
        </sdc:header>
        <sdc:section initial_state="enabled">
            <mfi13:cardinality>
                <mfi13:minimum>0</mfi13:minimum>
                <mfi13:maximum>maximum22</mfi13:maximum>
            </mfi13:cardinality>
            <mfi13:rule>
                <mfi13:expression>expression23</mfi13:expression>
            </mfi13:rule>
            <sdc:section_title>
                <mfi13:cardinality>
                    <mfi13:minimum>0</mfi13:minimum>
                    <mfi13:maximum>maximum23</mfi13:maximum>
                </mfi13:cardinality>
                <mfi13:rule>
                    <mfi13:expression>expression24</mfi13:expression>
                </mfi13:rule>
                <mfi13:label>label15</mfi13:label>
                <mfi13:style>style15</mfi13:style>
            </sdc:section_title>
            <sdc:section_number>
                <mfi13:cardinality>
                    <mfi13:minimum>0</mfi13:minimum>
                    <mfi13:maximum>maximum24</mfi13:maximum>
                </mfi13:cardinality>
                <mfi13:rule>
                    <mfi13:expression>expression25</mfi13:expression>
                </mfi13:rule>
                <mfi13:label>label16</mfi13:label>
                <mfi13:style>style16</mfi13:style>
            </sdc:section_number>
            <sdc:ordered>false</sdc:ordered>
            <sdc:section_instruction>
                <mfi13:cardinality>
                    <mfi13:minimum>0</mfi13:minimum>
                    <mfi13:maximum>maximum25</mfi13:maximum>
                </mfi13:cardinality>
                <mfi13:rule>
                    <mfi13:expression>expression26</mfi13:expression>
                </mfi13:rule>
                <mfi13:label>label17</mfi13:label>
                <mfi13:style>style17</mfi13:style>
            </sdc:section_instruction>
            <sdc:additional_instruction type="tooltip" initial_state="enabled">
                <mfi13:cardinality>
                    <mfi13:minimum>0</mfi13:minimum>
                    <mfi13:maximum>maximum26</mfi13:maximum>
                </mfi13:cardinality>
                <mfi13:rule>
                    <mfi13:expression>expression27</mfi13:expression>
                </mfi13:rule>
                <mfi13:label>label18</mfi13:label>
                <mfi13:style>style18</mfi13:style>
            </sdc:additional_instruction>
            <sdc:contained_section initial_state="enabled">
                <mfi13:cardinality>
                    <mfi13:minimum>0</mfi13:minimum>
                    <mfi13:maximum>maximum27</mfi13:maximum>
                </mfi13:cardinality>
                <mfi13:rule>
                    <mfi13:expression>expression28</mfi13:expression>
                </mfi13:rule>
                <sdc:section_title>
                    <mfi13:cardinality>
                        <mfi13:minimum>0</mfi13:minimum>
                        <mfi13:maximum>maximum28</mfi13:maximum>
                    </mfi13:cardinality>
                    <mfi13:rule>
                        <mfi13:expression>expression29</mfi13:expression>
                    </mfi13:rule>
                    <mfi13:label>label19</mfi13:label>
                    <mfi13:style>style19</mfi13:style>
                </sdc:section_title>
                <sdc:section_number>
                    <mfi13:cardinality>
                        <mfi13:minimum>0</mfi13:minimum>
                        <mfi13:maximum>maximum29</mfi13:maximum>
                    </mfi13:cardinality>
                    <mfi13:rule>
                        <mfi13:expression>expression30</mfi13:expression>
                    </mfi13:rule>
                    <mfi13:label>label20</mfi13:label>
                    <mfi13:style>style20</mfi13:style>
                </sdc:section_number>
                <sdc:ordered>false</sdc:ordered>
                <sdc:section_instruction>
                    <mfi13:cardinality>
                        <mfi13:minimum>0</mfi13:minimum>
                        <mfi13:maximum>maximum30</mfi13:maximum>
                    </mfi13:cardinality>
                    <mfi13:rule>
                        <mfi13:expression>expression31</mfi13:expression>
                    </mfi13:rule>
                    <mfi13:label>label21</mfi13:label>
                    <mfi13:style>style21</mfi13:style>
                </sdc:section_instruction>
                <sdc:additional_instruction type="tooltip" initial_state="enabled">
                    <mfi13:cardinality>
                        <mfi13:minimum>0</mfi13:minimum>
                        <mfi13:maximum>maximum31</mfi13:maximum>
                    </mfi13:cardinality>
                    <mfi13:rule>
                        <mfi13:expression>expression32</mfi13:expression>
                    </mfi13:rule>
                    <mfi13:label>label22</mfi13:label>
                    <mfi13:style>style22</mfi13:style>
                </sdc:additional_instruction>
                <sdc:section_order>section_order2</sdc:section_order>
                <sdc:media initial_state="enabled">
                    <mfi13:cardinality>
                        <mfi13:minimum>0</mfi13:minimum>
                        <mfi13:maximum>maximum32</mfi13:maximum>
                    </mfi13:cardinality>
                    <mfi13:rule>
                        <mfi13:expression>expression33</mfi13:expression>
                    </mfi13:rule>
                    <sdc:image>
                        <sdc:uri>http://www.oxygenxml.com/</sdc:uri>
                    </sdc:image>
                </sdc:media>
                <sdc:question initial_state="enabled">
                    <mfi13:cardinality>
                        <mfi13:minimum>0</mfi13:minimum>
                        <mfi13:maximum>maximum33</mfi13:maximum>
                    </mfi13:cardinality>
                    <mfi13:rule>
                        <mfi13:expression>expression34</mfi13:expression>
                    </mfi13:rule>
                    <sdc:question_prompt>
                    </sdc:question_prompt>
                    <sdc:question_number>
                    </sdc:question_number>
                    <sdc:question_instruction>
                    </sdc:question_instruction>
                    <sdc:additional_instruction type="tooltip" initial_state="enabled">
                    </sdc:additional_instruction>
                    <sdc:list_field>
                        <sdc:list_item>
                        </sdc:list_item>
                        <sdc:list_item>
                        </sdc:list_item>
                    </sdc:list_field>
                    <sdc:text_after_question type="tooltip" initial_state="enabled">
                    </sdc:text_after_question>
                    <sdc:question_order>question_order2</sdc:question_order>
                    <sdc:identifier>http://www.oxygenxml.com/</sdc:identifier>
                </sdc:question>
                <sdc:additional_text type="tooltip" initial_state="enabled">
                    <mfi13:cardinality>
                        <mfi13:minimum>0</mfi13:minimum>
                        <mfi13:maximum>maximum34</mfi13:maximum>
                    </mfi13:cardinality>
                    <mfi13:rule>
                        <mfi13:expression>expression35</mfi13:expression>
                    </mfi13:rule>
                    <mfi13:label>label23</mfi13:label>
                    <mfi13:style>style23</mfi13:style>
                </sdc:additional_text>
                <sdc:next_relevant_element>http://www.oxygenxml.com/</sdc:next_relevant_element>
                <sdc:identifier>http://www.oxygenxml.com/</sdc:identifier>
            </sdc:contained_section>
            <sdc:section_order>section_order3</sdc:section_order>
            <sdc:media initial_state="enabled">
                <mfi13:cardinality>
                    <mfi13:minimum>0</mfi13:minimum>
                    <mfi13:maximum>maximum35</mfi13:maximum>
                </mfi13:cardinality>
                <mfi13:rule>
                    <mfi13:expression>expression36</mfi13:expression>
                </mfi13:rule>
                <sdc:audio type="type17">
                    <sdc:uri>http://www.oxygenxml.com/</sdc:uri>
                </sdc:audio>
            </sdc:media>
            <sdc:question initial_state="enabled">
                <mfi13:cardinality>
                    <mfi13:minimum>0</mfi13:minimum>
                    <mfi13:maximum>maximum36</mfi13:maximum>
                </mfi13:cardinality>
                <mfi13:rule>
                    <mfi13:expression>expression37</mfi13:expression>
                </mfi13:rule>
                <sdc:question_prompt>
                    <mfi13:cardinality>
                        <mfi13:minimum>0</mfi13:minimum>
                        <mfi13:maximum>maximum37</mfi13:maximum>
                    </mfi13:cardinality>
                    <mfi13:rule>
                        <mfi13:expression>expression38</mfi13:expression>
                    </mfi13:rule>
                    <mfi13:label>label24</mfi13:label>
                    <mfi13:style>style24</mfi13:style>
                </sdc:question_prompt>
                <sdc:question_number>
                    <mfi13:cardinality>
                        <mfi13:minimum>0</mfi13:minimum>
                        <mfi13:maximum>maximum38</mfi13:maximum>
                    </mfi13:cardinality>
                    <mfi13:rule>
                        <mfi13:expression>expression39</mfi13:expression>
                    </mfi13:rule>
                    <mfi13:label>label25</mfi13:label>
                    <mfi13:style>style25</mfi13:style>
                </sdc:question_number>
                <sdc:question_instruction>
                    <mfi13:cardinality>
                        <mfi13:minimum>0</mfi13:minimum>
                        <mfi13:maximum>maximum39</mfi13:maximum>
                    </mfi13:cardinality>
                    <mfi13:rule>
                        <mfi13:expression>expression40</mfi13:expression>
                    </mfi13:rule>
                    <mfi13:label>label26</mfi13:label>
                    <mfi13:style>style26</mfi13:style>
                </sdc:question_instruction>
                <sdc:additional_instruction type="tooltip" initial_state="enabled">
                    <mfi13:cardinality>
                        <mfi13:minimum>0</mfi13:minimum>
                        <mfi13:maximum>maximum40</mfi13:maximum>
                    </mfi13:cardinality>
                    <mfi13:rule>
                        <mfi13:expression>expression41</mfi13:expression>
                    </mfi13:rule>
                    <mfi13:label>label27</mfi13:label>
                    <mfi13:style>style27</mfi13:style>
                </sdc:additional_instruction>
                <sdc:text_field>
                    <mfi13:multiselect>false</mfi13:multiselect>
                    <mfi13:default_value>
                    </mfi13:default_value>
                    <mfi13:default_value_read_only>false</mfi13:default_value_read_only>
                    <mfi13:maximum_character_quantity>
                    </mfi13:maximum_character_quantity>
                    <mfi13:unit_of_measure schema_name="schema_name1"/>
                    <mfi13:datatype>datatype1</mfi13:datatype>
                    <mfi13:format>format1</mfi13:format>
                    <mfi13:next_relevant_element>http://www.oxygenxml.com/</mfi13:next_relevant_element>
                    <sdc:default_element>
                        <sdc:default>
                            <sdc:value>value0</sdc:value>
                        </sdc:default>
                        <sdc:read_only>false</sdc:read_only>
                    </sdc:default_element>
                    <sdc:datatype>
                        <sdc:duration>
                        </sdc:duration>
                    </sdc:datatype>
                </sdc:text_field>
                <sdc:text_after_question type="tooltip" initial_state="enabled">
                    <mfi13:cardinality>
                        <mfi13:minimum>0</mfi13:minimum>
                        <mfi13:maximum>maximum41</mfi13:maximum>
                    </mfi13:cardinality>
                    <mfi13:rule>
                        <mfi13:expression>expression42</mfi13:expression>
                    </mfi13:rule>
                    <mfi13:label>label28</mfi13:label>
                    <mfi13:style>style28</mfi13:style>
                </sdc:text_after_question>
                <sdc:question_order>question_order3</sdc:question_order>
                <sdc:identifier>http://www.oxygenxml.com/</sdc:identifier>
            </sdc:question>
            <sdc:additional_text type="tooltip" initial_state="enabled">
                <mfi13:cardinality>
                    <mfi13:minimum>0</mfi13:minimum>
                    <mfi13:maximum>maximum42</mfi13:maximum>
                </mfi13:cardinality>
                <mfi13:rule>
                    <mfi13:expression>expression43</mfi13:expression>
                </mfi13:rule>
                <mfi13:label>label29</mfi13:label>
                <mfi13:style>style29</mfi13:style>
            </sdc:additional_text>
            <sdc:next_relevant_element>http://www.oxygenxml.com/</sdc:next_relevant_element>
            <sdc:identifier>http://www.oxygenxml.com/</sdc:identifier>
        </sdc:section>
        <sdc:footer initial_state="enabled">
            <mfi13:cardinality>
                <mfi13:minimum>0</mfi13:minimum>
                <mfi13:maximum>maximum43</mfi13:maximum>
            </mfi13:cardinality>
            <mfi13:rule>
                <mfi13:expression>expression44</mfi13:expression>
            </mfi13:rule>
            <sdc:section_title>
                <mfi13:cardinality>
                    <mfi13:minimum>0</mfi13:minimum>
                    <mfi13:maximum>maximum44</mfi13:maximum>
                </mfi13:cardinality>
                <mfi13:rule>
                    <mfi13:expression>expression45</mfi13:expression>
                </mfi13:rule>
                <mfi13:label>label30</mfi13:label>
                <mfi13:style>style30</mfi13:style>
            </sdc:section_title>
            <sdc:section_number>
                <mfi13:cardinality>
                    <mfi13:minimum>0</mfi13:minimum>
                    <mfi13:maximum>maximum45</mfi13:maximum>
                </mfi13:cardinality>
                <mfi13:rule>
                    <mfi13:expression>expression46</mfi13:expression>
                </mfi13:rule>
                <mfi13:label>label31</mfi13:label>
                <mfi13:style>style31</mfi13:style>
            </sdc:section_number>
            <sdc:ordered>false</sdc:ordered>
            <sdc:section_instruction>
                <mfi13:cardinality>
                    <mfi13:minimum>0</mfi13:minimum>
                    <mfi13:maximum>maximum46</mfi13:maximum>
                </mfi13:cardinality>
                <mfi13:rule>
                    <mfi13:expression>expression47</mfi13:expression>
                </mfi13:rule>
                <mfi13:label>label32</mfi13:label>
                <mfi13:style>style32</mfi13:style>
            </sdc:section_instruction>
            <sdc:additional_instruction type="tooltip" initial_state="enabled">
                <mfi13:cardinality>
                    <mfi13:minimum>0</mfi13:minimum>
                    <mfi13:maximum>maximum47</mfi13:maximum>
                </mfi13:cardinality>
                <mfi13:rule>
                    <mfi13:expression>expression48</mfi13:expression>
                </mfi13:rule>
                <mfi13:label>label33</mfi13:label>
                <mfi13:style>style33</mfi13:style>
            </sdc:additional_instruction>
            <sdc:contained_section initial_state="enabled">
                <mfi13:cardinality>
                    <mfi13:minimum>0</mfi13:minimum>
                    <mfi13:maximum>maximum48</mfi13:maximum>
                </mfi13:cardinality>
                <mfi13:rule>
                    <mfi13:expression>expression49</mfi13:expression>
                </mfi13:rule>
                <sdc:section_title>
                    <mfi13:cardinality>
                        <mfi13:minimum>0</mfi13:minimum>
                        <mfi13:maximum>maximum49</mfi13:maximum>
                    </mfi13:cardinality>
                    <mfi13:rule>
                        <mfi13:expression>expression50</mfi13:expression>
                    </mfi13:rule>
                    <mfi13:label>label34</mfi13:label>
                    <mfi13:style>style34</mfi13:style>
                </sdc:section_title>
                <sdc:section_number>
                    <mfi13:cardinality>
                        <mfi13:minimum>0</mfi13:minimum>
                        <mfi13:maximum>maximum50</mfi13:maximum>
                    </mfi13:cardinality>
                    <mfi13:rule>
                        <mfi13:expression>expression51</mfi13:expression>
                    </mfi13:rule>
                    <mfi13:label>label35</mfi13:label>
                    <mfi13:style>style35</mfi13:style>
                </sdc:section_number>
                <sdc:ordered>false</sdc:ordered>
                <sdc:section_instruction>
                    <mfi13:cardinality>
                        <mfi13:minimum>0</mfi13:minimum>
                        <mfi13:maximum>maximum51</mfi13:maximum>
                    </mfi13:cardinality>
                    <mfi13:rule>
                        <mfi13:expression>expression52</mfi13:expression>
                    </mfi13:rule>
                    <mfi13:label>label36</mfi13:label>
                    <mfi13:style>style36</mfi13:style>
                </sdc:section_instruction>
                <sdc:additional_instruction type="tooltip" initial_state="enabled">
                    <mfi13:cardinality>
                        <mfi13:minimum>0</mfi13:minimum>
                        <mfi13:maximum>maximum52</mfi13:maximum>
                    </mfi13:cardinality>
                    <mfi13:rule>
                        <mfi13:expression>expression53</mfi13:expression>
                    </mfi13:rule>
                    <mfi13:label>label37</mfi13:label>
                    <mfi13:style>style37</mfi13:style>
                </sdc:additional_instruction>
                <sdc:section_order>section_order4</sdc:section_order>
                <sdc:media initial_state="enabled">
                    <mfi13:cardinality>
                        <mfi13:minimum>0</mfi13:minimum>
                        <mfi13:maximum>maximum53</mfi13:maximum>
                    </mfi13:cardinality>
                    <mfi13:rule>
                        <mfi13:expression>expression54</mfi13:expression>
                    </mfi13:rule>
                    <sdc:image>
                        <sdc:uri>http://www.oxygenxml.com/</sdc:uri>
                    </sdc:image>
                </sdc:media>
                <sdc:question initial_state="enabled">
                    <mfi13:cardinality>
                        <mfi13:minimum>0</mfi13:minimum>
                        <mfi13:maximum>maximum54</mfi13:maximum>
                    </mfi13:cardinality>
                    <mfi13:rule>
                        <mfi13:expression>expression55</mfi13:expression>
                    </mfi13:rule>
                    <sdc:question_prompt>
                    </sdc:question_prompt>
                    <sdc:question_number>
                    </sdc:question_number>
                    <sdc:question_instruction>
                    </sdc:question_instruction>
                    <sdc:additional_instruction type="tooltip" initial_state="enabled">
                    </sdc:additional_instruction>
                    <sdc:lookup_field>
                    </sdc:lookup_field>
                    <sdc:text_after_question type="tooltip" initial_state="enabled">
                    </sdc:text_after_question>
                    <sdc:question_order>question_order4</sdc:question_order>
                    <sdc:identifier>http://www.oxygenxml.com/</sdc:identifier>
                </sdc:question>
                <sdc:additional_text type="tooltip" initial_state="enabled">
                    <mfi13:cardinality>
                        <mfi13:minimum>0</mfi13:minimum>
                        <mfi13:maximum>maximum55</mfi13:maximum>
                    </mfi13:cardinality>
                    <mfi13:rule>
                        <mfi13:expression>expression56</mfi13:expression>
                    </mfi13:rule>
                    <mfi13:label>label38</mfi13:label>
                    <mfi13:style>style38</mfi13:style>
                </sdc:additional_text>
                <sdc:next_relevant_element>http://www.oxygenxml.com/</sdc:next_relevant_element>
                <sdc:identifier>http://www.oxygenxml.com/</sdc:identifier>
            </sdc:contained_section>
            <sdc:section_order>section_order5</sdc:section_order>
            <sdc:media initial_state="enabled">
                <mfi13:cardinality>
                    <mfi13:minimum>0</mfi13:minimum>
                    <mfi13:maximum>maximum56</mfi13:maximum>
                </mfi13:cardinality>
                <mfi13:rule>
                    <mfi13:expression>expression57</mfi13:expression>
                </mfi13:rule>
                <sdc:video type="type26">
                    <sdc:uri>http://www.oxygenxml.com/</sdc:uri>
                </sdc:video>
            </sdc:media>
            <sdc:question initial_state="enabled">
                <mfi13:cardinality>
                    <mfi13:minimum>0</mfi13:minimum>
                    <mfi13:maximum>maximum57</mfi13:maximum>
                </mfi13:cardinality>
                <mfi13:rule>
                    <mfi13:expression>expression58</mfi13:expression>
                </mfi13:rule>
                <sdc:question_prompt>
                    <mfi13:cardinality>
                        <mfi13:minimum>0</mfi13:minimum>
                        <mfi13:maximum>maximum58</mfi13:maximum>
                    </mfi13:cardinality>
                    <mfi13:rule>
                        <mfi13:expression>expression59</mfi13:expression>
                    </mfi13:rule>
                    <mfi13:label>label39</mfi13:label>
                    <mfi13:style>style39</mfi13:style>
                </sdc:question_prompt>
                <sdc:question_number>
                    <mfi13:cardinality>
                        <mfi13:minimum>0</mfi13:minimum>
                        <mfi13:maximum>maximum59</mfi13:maximum>
                    </mfi13:cardinality>
                    <mfi13:rule>
                        <mfi13:expression>expression60</mfi13:expression>
                    </mfi13:rule>
                    <mfi13:label>label40</mfi13:label>
                    <mfi13:style>style40</mfi13:style>
                </sdc:question_number>
                <sdc:question_instruction>
                    <mfi13:cardinality>
                        <mfi13:minimum>0</mfi13:minimum>
                        <mfi13:maximum>maximum60</mfi13:maximum>
                    </mfi13:cardinality>
                    <mfi13:rule>
                        <mfi13:expression>expression61</mfi13:expression>
                    </mfi13:rule>
                    <mfi13:label>label41</mfi13:label>
                    <mfi13:style>style41</mfi13:style>
                </sdc:question_instruction>
                <sdc:additional_instruction type="tooltip" initial_state="enabled">
                    <mfi13:cardinality>
                        <mfi13:minimum>0</mfi13:minimum>
                        <mfi13:maximum>maximum61</mfi13:maximum>
                    </mfi13:cardinality>
                    <mfi13:rule>
                        <mfi13:expression>expression62</mfi13:expression>
                    </mfi13:rule>
                    <mfi13:label>label42</mfi13:label>
                    <mfi13:style>style42</mfi13:style>
                </sdc:additional_instruction>
                <sdc:text_field>
                    <mfi13:multiselect>false</mfi13:multiselect>
                    <mfi13:default_value>
                    </mfi13:default_value>
                    <mfi13:default_value_read_only>false</mfi13:default_value_read_only>
                    <mfi13:maximum_character_quantity>
                    </mfi13:maximum_character_quantity>
                    <mfi13:unit_of_measure schema_name="schema_name2"/>
                    <mfi13:datatype>datatype2</mfi13:datatype>
                    <mfi13:format>format2</mfi13:format>
                    <mfi13:next_relevant_element>http://www.oxygenxml.com/</mfi13:next_relevant_element>
                    <sdc:default_element>
                        <sdc:default>
                            <sdc:value>value1</sdc:value>
                        </sdc:default>
                        <sdc:read_only>false</sdc:read_only>
                    </sdc:default_element>
                    <sdc:datatype>
                        <sdc:file>
                        </sdc:file>
                    </sdc:datatype>
                </sdc:text_field>
                <sdc:text_after_question type="tooltip" initial_state="enabled">
                    <mfi13:cardinality>
                        <mfi13:minimum>0</mfi13:minimum>
                        <mfi13:maximum>maximum62</mfi13:maximum>
                    </mfi13:cardinality>
                    <mfi13:rule>
                        <mfi13:expression>expression63</mfi13:expression>
                    </mfi13:rule>
                    <mfi13:label>label43</mfi13:label>
                    <mfi13:style>style43</mfi13:style>
                </sdc:text_after_question>
                <sdc:question_order>question_order5</sdc:question_order>
                <sdc:identifier>http://www.oxygenxml.com/</sdc:identifier>
            </sdc:question>
            <sdc:additional_text type="tooltip" initial_state="enabled">
                <mfi13:cardinality>
                    <mfi13:minimum>0</mfi13:minimum>
                    <mfi13:maximum>maximum63</mfi13:maximum>
                </mfi13:cardinality>
                <mfi13:rule>
                    <mfi13:expression>expression64</mfi13:expression>
                </mfi13:rule>
                <mfi13:label>label44</mfi13:label>
                <mfi13:style>style44</mfi13:style>
            </sdc:additional_text>
            <sdc:next_relevant_element>http://www.oxygenxml.com/</sdc:next_relevant_element>
            <sdc:identifier>http://www.oxygenxml.com/</sdc:identifier>
        </sdc:footer>
    </sdc:form_design>
</sdc:form_package>
